Channel:,Lum
Means:,11,40201
Note: Peaks measured from 20% upward
Peaks:,537
PeaksLevels:,4094
0, 0
1, 3152
2, 1712
3, 2894
4, 7211
5, 39650
6, 310242
7, 1306321
8, 3279669
9, 4486928
10, 3564586
11, 1906129
12, 702636
13, 278911
14, 126121
15, 75968
16, 45648
17, 29708
18, 19031
19, 13753
20, 10042
21, 7985
22, 6605
23, 5726
24, 4886
25, 4418
26, 3871
27, 3612
28, 3151
29, 2913
30, 2725
31, 2435
32, 2233
33, 2108
34, 1967
35, 1888
36, 1761
37, 1636
38, 1538
39, 1421
40, 1413
41, 1272
42, 1263
43, 1225
44, 1173
45, 1060
46, 1026
47, 1029
48, 961
49, 909
50, 862
51, 862
52, 825
53, 806
54, 734
55, 750
56, 720
57, 670
58, 665
59, 635
60, 609
61, 636
62, 610
63, 627
64, 591
65, 588
66, 560
67, 542
68, 542
69, 507
70, 480
71, 486
72, 489
73, 470
74, 439
75, 453
76, 446
77, 456
78, 434
79, 456
80, 427
81, 380
82, 381
83, 391
84, 373
85, 358
86, 345
87, 353
88, 345
89, 333
90, 349
91, 346
92, 323
93, 303
94, 341
95, 329
96, 327
97, 307
98, 286
99, 292
100, 281
101, 308
102, 282
103, 306
104, 292
105, 271
106, 272
107, 274
108, 261
109, 245
110, 247
111, 255
112, 249
113, 269
114, 260
115, 242
116, 267
117, 240
118, 262
119, 225
120, 235
121, 216
122, 219
123, 200
124, 225
125, 216
126, 201
127, 221
128, 193
129, 210
130, 197
131, 213
132, 221
133, 200
134, 220
135, 206
136, 187
137, 189
138, 182
139, 193
140, 191
141, 204
142, 180
143, 187
144, 183
145, 202
146, 193
147, 184
148, 187
149, 176
150, 161
151, 185
152, 177
153, 209
154, 168
155, 181
156, 171
157, 170
158, 141
159, 152
160, 184
161, 169
162, 180
163, 160
164, 167
165, 166
166, 171
167, 183
168, 145
169, 160
170, 154
171, 174
172, 154
173, 155
174, 155
175, 170
176, 154
177, 151
178, 130
179, 146
180, 152
181, 146
182, 141
183, 157
184, 165
185, 160
186, 145
187, 134
188, 141
189, 137
190, 142
191, 119
192, 149
193, 131
194, 168
195, 134
196, 155
197, 113
198, 138
199, 152
200, 124
201, 138
202, 151
203, 139
204, 128
205, 123
206, 127
207, 136
208, 120
209, 108
210, 144
211, 131
212, 110
213, 134
214, 98
215, 128
216, 121
217, 141
218, 118
219, 115
220, 126
221, 122
222, 127
223, 131
224, 101
225, 136
226, 103
227, 117
228, 132
229, 123
230, 96
231, 113
232, 129
233, 116
234, 109
235, 121
236, 99
237, 95
238, 112
239, 124
240, 136
241, 123
242, 132
243, 110
244, 110
245, 121
246, 117
247, 115
248, 86
249, 109
250, 106
251, 106
252, 105
253, 90
254, 111
255, 117
256, 98
257, 105
258, 93
259, 102
260, 97
261, 109
262, 97
263, 124
264, 113
265, 110
266, 79
267, 111
268, 102
269, 111
270, 107
271, 112
272, 90
273, 111
274, 103
275, 103
276, 108
277, 114
278, 102
279, 102
280, 103
281, 92
282, 105
283, 87
284, 103
285, 100
286, 121
287, 94
288, 93
289, 102
290, 102
291, 119
292, 86
293, 98
294, 115
295, 110
296, 84
297, 114
298, 90
299, 87
300, 86
301, 84
302, 79
303, 86
304, 94
305, 104
306, 93
307, 101
308, 96
309, 116
310, 103
311, 92
312, 108
313, 76
314, 87
315, 95
316, 82
317, 92
318, 88
319, 79
320, 87
321, 112
322, 75
323, 91
324, 103
325, 89
326, 80
327, 97
328, 100
329, 84
330, 90
331, 85
332, 94
333, 78
334, 82
335, 89
336, 94
337, 103
338, 89
339, 81
340, 103
341, 75
342, 105
343, 71
344, 83
345, 95
346, 101
347, 88
348, 89
349, 89
350, 87
351, 82
352, 97
353, 104
354, 82
355, 82
356, 72
357, 80
358, 89
359, 94
360, 84
361, 81
362, 77
363, 72
364, 81
365, 72
366, 72
367, 74
368, 80
369, 72
370, 76
371, 66
372, 83
373, 77
374, 69
375, 71
376, 75
377, 78
378, 72
379, 78
380, 78
381, 87
382, 65
383, 73
384, 77
385, 77
386, 68
387, 75
388, 73
389, 62
390, 81
391, 60
392, 78
393, 70
394, 62
395, 82
396, 71
397, 75
398, 67
399, 56
400, 72
401, 75
402, 64
403, 61
404, 62
405, 63
406, 73
407, 62
408, 53
409, 68
410, 53
411, 70
412, 56
413, 79
414, 70
415, 53
416, 62
417, 60
418, 58
419, 49
420, 59
421, 55
422, 58
423, 56
424, 54
425, 60
426, 63
427, 58
428, 64
429, 68
430, 47
431, 46
432, 64
433, 56
434, 60
435, 65
436, 50
437, 49
438, 49
439, 56
440, 42
441, 55
442, 56
443, 49
444, 48
445, 49
446, 44
447, 51
448, 46
449, 45
450, 43
451, 52
452, 45
453, 51
454, 52
455, 40
456, 61
457, 37
458, 48
459, 37
460, 45
461, 48
462, 56
463, 51
464, 51
465, 42
466, 51
467, 44
468, 44
469, 46
470, 39
471, 33
472, 51
473, 55
474, 57
475, 49
476, 47
477, 39
478, 54
479, 43
480, 57
481, 44
482, 51
483, 63
484, 48
485, 45
486, 34
487, 53
488, 48
489, 49
490, 45
491, 54
492, 47
493, 47
494, 50
495, 48
496, 57
497, 43
498, 49
499, 45
500, 42
501, 31
502, 42
503, 44
504, 35
505, 57
506, 47
507, 36
508, 39
509, 49
510, 40
511, 45
512, 31
513, 38
514, 37
515, 36
516, 40
517, 34
518, 42
519, 45
520, 43
521, 30
522, 34
523, 35
524, 39
525, 50
526, 41
527, 40
528, 42
529, 47
530, 46
531, 32
532, 45
533, 38
534, 39
535, 40
536, 37
537, 44
538, 51
539, 33
540, 36
541, 39
542, 37
543, 36
544, 42
545, 38
546, 48
547, 38
548, 42
549, 41
550, 36
551, 39
552, 41
553, 41
554, 35
555, 28
556, 32
557, 36
558, 41
559, 43
560, 27
561, 45
562, 37
563, 42
564, 46
565, 26
566, 35
567, 37
568, 41
569, 23
570, 46
571, 38
572, 28
573, 42
574, 19
575, 35
576, 44
577, 29
578, 39
579, 35
580, 44
581, 43
582, 29
583, 30
584, 34
585, 39
586, 41
587, 33
588, 33
589, 34
590, 41
591, 27
592, 40
593, 37
594, 31
595, 28
596, 35
597, 38
598, 32
599, 29
600, 30
601, 41
602, 36
603, 30
604, 31
605, 27
606, 27
607, 34
608, 31
609, 24
610, 28
611, 33
612, 23
613, 26
614, 29
615, 24
616, 27
617, 39
618, 43
619, 24
620, 23
621, 35
622, 37
623, 27
624, 33
625, 30
626, 30
627, 28
628, 32
629, 25
630, 31
631, 21
632, 28
633, 22
634, 24
635, 29
636, 26
637, 32
638, 27
639, 35
640, 39
641, 27
642, 28
643, 29
644, 30
645, 39
646, 27
647, 41
648, 27
649, 24
650, 29
651, 19
652, 29
653, 20
654, 34
655, 30
656, 29
657, 34
658, 27
659, 24
660, 18
661, 32
662, 21
663, 27
664, 24
665, 36
666, 19
667, 24
668, 20
669, 31
670, 25
671, 33
672, 26
673, 27
674, 18
675, 22
676, 31
677, 30
678, 16
679, 25
680, 33
681, 20
682, 25
683, 22
684, 28
685, 33
686, 20
687, 15
688, 25
689, 27
690, 22
691, 23
692, 21
693, 30
694, 27
695, 18
696, 23
697, 18
698, 36
699, 17
700, 13
701, 20
702, 18
703, 27
704, 32
705, 22
706, 26
707, 35
708, 24
709, 26
710, 22
711, 22
712, 22
713, 20
714, 15
715, 31
716, 22
717, 28
718, 23
719, 25
720, 19
721, 18
722, 25
723, 28
724, 20
725, 36
726, 27
727, 31
728, 25
729, 23
730, 24
731, 29
732, 24
733, 23
734, 23
735, 22
736, 28
737, 32
738, 12
739, 25
740, 31
741, 21
742, 18
743, 19
744, 20
745, 21
746, 19
747, 25
748, 33
749, 26
750, 33
751, 20
752, 18
753, 26
754, 21
755, 24
756, 27
757, 12
758, 8
759, 17
760, 25
761, 19
762, 29
763, 19
764, 24
765, 23
766, 12
767, 18
768, 17
769, 23
770, 21
771, 18
772, 23
773, 30
774, 23
775, 21
776, 18
777, 31
778, 27
779, 19
780, 17
781, 22
782, 20
783, 19
784, 27
785, 25
786, 17
787, 15
788, 17
789, 25
790, 26
791, 12
792, 15
793, 12
794, 18
795, 27
796, 25
797, 27
798, 17
799, 24
800, 21
801, 21
802, 11
803, 27
804, 23
805, 19
806, 19
807, 13
808, 20
809, 19
810, 21
811, 15
812, 21
813, 26
814, 16
815, 24
816, 23
817, 19
818, 17
819, 21
820, 21
821, 21
822, 25
823, 15
824, 20
825, 18
826, 18
827, 23
828, 19
829, 30
830, 14
831, 14
832, 22
833, 16
834, 13
835, 36
836, 20
837, 24
838, 21
839, 20
840, 15
841, 26
842, 17
843, 13
844, 14
845, 17
846, 22
847, 10
848, 20
849, 24
850, 19
851, 19
852, 20
853, 18
854, 17
855, 24
856, 20
857, 19
858, 20
859, 17
860, 16
861, 17
862, 20
863, 13
864, 17
865, 16
866, 23
867, 17
868, 20
869, 27
870, 15
871, 17
872, 7
873, 19
874, 15
875, 21
876, 18
877, 19
878, 18
879, 10
880, 14
881, 14
882, 17
883, 18
884, 14
885, 21
886, 21
887, 16
888, 13
889, 18
890, 13
891, 15
892, 12
893, 15
894, 8
895, 14
896, 12
897, 15
898, 15
899, 20
900, 11
901, 18
902, 20
903, 25
904, 15
905, 16
906, 16
907, 15
908, 17
909, 18
910, 22
911, 17
912, 16
913, 17
914, 15
915, 9
916, 12
917, 12
918, 17
919, 16
920, 17
921, 19
922, 16
923, 6
924, 13
925, 12
926, 18
927, 12
928, 17
929, 16
930, 8
931, 13
932, 18
933, 13
934, 7
935, 17
936, 14
937, 9
938, 12
939, 16
940, 11
941, 17
942, 8
943, 16
944, 14
945, 18
946, 9
947, 10
948, 15
949, 11
950, 14
951, 16
952, 17
953, 14
954, 15
955, 8
956, 15
957, 13
958, 19
959, 18
960, 14
961, 13
962, 14
963, 15
964, 16
965, 13
966, 16
967, 11
968, 16
969, 11
970, 10
971, 14
972, 14
973, 8
974, 15
975, 15
976, 11
977, 22
978, 19
979, 12
980, 13
981, 10
982, 16
983, 18
984, 10
985, 10
986, 10
987, 14
988, 10
989, 7
990, 14
991, 11
992, 6
993, 9
994, 20
995, 8
996, 15
997, 5
998, 21
999, 15
1000, 16
1001, 13
1002, 8
1003, 9
1004, 7
1005, 15
1006, 8
1007, 13
1008, 13
1009, 12
1010, 14
1011, 16
1012, 11
1013, 13
1014, 7
1015, 8
1016, 12
1017, 9
1018, 12
1019, 11
1020, 17
1021, 10
1022, 10
1023, 12
1024, 8
1025, 15
1026, 9
1027, 10
1028, 9
1029, 9
1030, 8
1031, 19
1032, 13
1033, 15
1034, 13
1035, 12
1036, 21
1037, 9
1038, 10
1039, 8
1040, 6
1041, 5
1042, 14
1043, 10
1044, 11
1045, 13
1046, 13
1047, 8
1048, 10
1049, 10
1050, 15
1051, 11
1052, 9
1053, 12
1054, 5
1055, 10
1056, 12
1057, 15
1058, 10
1059, 7
1060, 5
1061, 14
1062, 10
1063, 7
1064, 8
1065, 11
1066, 11
1067, 7
1068, 12
1069, 13
1070, 11
1071, 14
1072, 8
1073, 13
1074, 9
1075, 11
1076, 5
1077, 11
1078, 14
1079, 7
1080, 16
1081, 7
1082, 14
1083, 6
1084, 12
1085, 14
1086, 13
1087, 15
1088, 12
1089, 19
1090, 4
1091, 11
1092, 9
1093, 5
1094, 12
1095, 13
1096, 11
1097, 13
1098, 6
1099, 13
1100, 14
1101, 10
1102, 11
1103, 7
1104, 13
1105, 17
1106, 8
1107, 10
1108, 12
1109, 8
1110, 8
1111, 16
1112, 15
1113, 7
1114, 10
1115, 10
1116, 10
1117, 13
1118, 13
1119, 9
1120, 5
1121, 12
1122, 7
1123, 10
1124, 14
1125, 11
1126, 12
1127, 11
1128, 5
1129, 12
1130, 14
1131, 11
1132, 12
1133, 13
1134, 10
1135, 13
1136, 17
1137, 9
1138, 7
1139, 6
1140, 13
1141, 9
1142, 6
1143, 14
1144, 11
1145, 12
1146, 15
1147, 9
1148, 8
1149, 9
1150, 10
1151, 6
1152, 13
1153, 4
1154, 6
1155, 10
1156, 11
1157, 10
1158, 10
1159, 7
1160, 10
1161, 11
1162, 9
1163, 14
1164, 5
1165, 8
1166, 13
1167, 12
1168, 8
1169, 10
1170, 10
1171, 13
1172, 12
1173, 12
1174, 17
1175, 11
1176, 9
1177, 16
1178, 14
1179, 12
1180, 6
1181, 5
1182, 9
1183, 7
1184, 5
1185, 11
1186, 11
1187, 12
1188, 17
1189, 5
1190, 7
1191, 14
1192, 11
1193, 13
1194, 14
1195, 11
1196, 12
1197, 9
1198, 9
1199, 10
1200, 15
1201, 11
1202, 5
1203, 9
1204, 11
1205, 11
1206, 12
1207, 10
1208, 8
1209, 7
1210, 6
1211, 8
1212, 9
1213, 12
1214, 11
1215, 7
1216, 5
1217, 8
1218, 8
1219, 7
1220, 9
1221, 9
1222, 4
1223, 8
1224, 10
1225, 8
1226, 12
1227, 6
1228, 6
1229, 7
1230, 14
1231, 12
1232, 10
1233, 9
1234, 2
1235, 11
1236, 7
1237, 5
1238, 11
1239, 9
1240, 10
1241, 9
1242, 12
1243, 16
1244, 10
1245, 8
1246, 11
1247, 8
1248, 8
1249, 12
1250, 6
1251, 10
1252, 9
1253, 12
1254, 11
1255, 6
1256, 10
1257, 13
1258, 3
1259, 10
1260, 7
1261, 8
1262, 9
1263, 12
1264, 13
1265, 11
1266, 9
1267, 6
1268, 7
1269, 5
1270, 10
1271, 7
1272, 11
1273, 13
1274, 6
1275, 1
1276, 9
1277, 4
1278, 9
1279, 8
1280, 11
1281, 16
1282, 11
1283, 6
1284, 14
1285, 15
1286, 7
1287, 9
1288, 5
1289, 6
1290, 11
1291, 11
1292, 10
1293, 9
1294, 9
1295, 12
1296, 11
1297, 11
1298, 9
1299, 7
1300, 13
1301, 9
1302, 14
1303, 6
1304, 10
1305, 7
1306, 13
1307, 16
1308, 12
1309, 12
1310, 11
1311, 6
1312, 11
1313, 10
1314, 13
1315, 11
1316, 8
1317, 12
1318, 11
1319, 10
1320, 16
1321, 9
1322, 12
1323, 9
1324, 11
1325, 10
1326, 10
1327, 10
1328, 15
1329, 9
1330, 14
1331, 11
1332, 13
1333, 10
1334, 7
1335, 4
1336, 6
1337, 14
1338, 5
1339, 3
1340, 7
1341, 7
1342, 6
1343, 7
1344, 6
1345, 10
1346, 12
1347, 6
1348, 8
1349, 7
1350, 5
1351, 12
1352, 6
1353, 7
1354, 9
1355, 13
1356, 7
1357, 21
1358, 5
1359, 10
1360, 6
1361, 5
1362, 11
1363, 5
1364, 6
1365, 10
1366, 9
1367, 10
1368, 6
1369, 9
1370, 6
1371, 9
1372, 15
1373, 14
1374, 9
1375, 4
1376, 4
1377, 8
1378, 10
1379, 9
1380, 8
1381, 10
1382, 8
1383, 7
1384, 6
1385, 10
1386, 5
1387, 6
1388, 10
1389, 8
1390, 6
1391, 10
1392, 10
1393, 6
1394, 8
1395, 6
1396, 9
1397, 6
1398, 9
1399, 6
1400, 10
1401, 6
1402, 10
1403, 5
1404, 3
1405, 6
1406, 5
1407, 6
1408, 8
1409, 5
1410, 11
1411, 6
1412, 7
1413, 7
1414, 12
1415, 8
1416, 11
1417, 4
1418, 5
1419, 7
1420, 10
1421, 11
1422, 7
1423, 7
1424, 3
1425, 8
1426, 9
1427, 3
1428, 4
1429, 10
1430, 12
1431, 9
1432, 11
1433, 9
1434, 12
1435, 5
1436, 4
1437, 5
1438, 8
1439, 8
1440, 2
1441, 6
1442, 10
1443, 5
1444, 9
1445, 9
1446, 6
1447, 6
1448, 4
1449, 10
1450, 6
1451, 5
1452, 6
1453, 5
1454, 6
1455, 9
1456, 7
1457, 9
1458, 5
1459, 8
1460, 5
1461, 5
1462, 3
1463, 9
1464, 3
1465, 6
1466, 9
1467, 12
1468, 4
1469, 8
1470, 7
1471, 4
1472, 6
1473, 6
1474, 4
1475, 8
1476, 4
1477, 12
1478, 8
1479, 4
1480, 4
1481, 6
1482, 11
1483, 5
1484, 1
1485, 6
1486, 7
1487, 2
1488, 5
1489, 7
1490, 4
1491, 7
1492, 4
1493, 3
1494, 6
1495, 4
1496, 5
1497, 9
1498, 7
1499, 6
1500, 5
1501, 6
1502, 3
1503, 5
1504, 6
1505, 6
1506, 5
1507, 6
1508, 6
1509, 11
1510, 7
1511, 5
1512, 6
1513, 5
1514, 2
1515, 7
1516, 8
1517, 2
1518, 9
1519, 4
1520, 4
1521, 6
1522, 4
1523, 6
1524, 11
1525, 5
1526, 4
1527, 6
1528, 7
1529, 6
1530, 9
1531, 4
1532, 4
1533, 8
1534, 1
1535, 8
1536, 6
1537, 5
1538, 7
1539, 4
1540, 4
1541, 14
1542, 8
1543, 2
1544, 8
1545, 6
1546, 6
1547, 6
1548, 4
1549, 6
1550, 8
1551, 7
1552, 14
1553, 6
1554, 8
1555, 2
1556, 3
1557, 0
1558, 3
1559, 7
1560, 3
1561, 5
1562, 5
1563, 3
1564, 7
1565, 9
1566, 4
1567, 7
1568, 5
1569, 3
1570, 6
1571, 7
1572, 4
1573, 1
1574, 4
1575, 9
1576, 5
1577, 4
1578, 7
1579, 2
1580, 5
1581, 4
1582, 6
1583, 4
1584, 10
1585, 10
1586, 4
1587, 8
1588, 6
1589, 9
1590, 5
1591, 4
1592, 3
1593, 5
1594, 3
1595, 6
1596, 7
1597, 4
1598, 9
1599, 4
1600, 6
1601, 3
1602, 5
1603, 3
1604, 4
1605, 3
1606, 3
1607, 4
1608, 5
1609, 6
1610, 7
1611, 4
1612, 6
1613, 6
1614, 9
1615, 4
1616, 2
1617, 6
1618, 5
1619, 7
1620, 6
1621, 2
1622, 4
1623, 7
1624, 5
1625, 6
1626, 6
1627, 3
1628, 2
1629, 3
1630, 5
1631, 5
1632, 9
1633, 5
1634, 1
1635, 6
1636, 4
1637, 4
1638, 4
1639, 8
1640, 7
1641, 4
1642, 10
1643, 8
1644, 8
1645, 9
1646, 1
1647, 2
1648, 3
1649, 4
1650, 7
1651, 4
1652, 4
1653, 5
1654, 6
1655, 3
1656, 4
1657, 8
1658, 2
1659, 4
1660, 6
1661, 6
1662, 7
1663, 8
1664, 5
1665, 9
1666, 8
1667, 5
1668, 3
1669, 6
1670, 3
1671, 1
1672, 9
1673, 4
1674, 4
1675, 4
1676, 5
1677, 3
1678, 4
1679, 7
1680, 4
1681, 10
1682, 3
1683, 5
1684, 6
1685, 4
1686, 5
1687, 3
1688, 3
1689, 6
1690, 2
1691, 4
1692, 4
1693, 6
1694, 4
1695, 3
1696, 1
1697, 6
1698, 1
1699, 4
1700, 3
1701, 9
1702, 5
1703, 4
1704, 12
1705, 9
1706, 4
1707, 8
1708, 3
1709, 5
1710, 6
1711, 4
1712, 7
1713, 5
1714, 4
1715, 4
1716, 5
1717, 8
1718, 4
1719, 8
1720, 7
1721, 3
1722, 6
1723, 5
1724, 4
1725, 7
1726, 4
1727, 5
1728, 9
1729, 7
1730, 8
1731, 3
1732, 3
1733, 1
1734, 4
1735, 8
1736, 3
1737, 6
1738, 8
1739, 9
1740, 3
1741, 6
1742, 5
1743, 4
1744, 6
1745, 7
1746, 5
1747, 4
1748, 8
1749, 4
1750, 2
1751, 5
1752, 5
1753, 4
1754, 3
1755, 5
1756, 3
1757, 1
1758, 9
1759, 6
1760, 5
1761, 1
1762, 5
1763, 3
1764, 6
1765, 5
1766, 7
1767, 7
1768, 3
1769, 5
1770, 5
1771, 3
1772, 3
1773, 4
1774, 7
1775, 4
1776, 7
1777, 7
1778, 6
1779, 3
1780, 2
1781, 11
1782, 3
1783, 2
1784, 5
1785, 3
1786, 3
1787, 3
1788, 6
1789, 4
1790, 7
1791, 7
1792, 5
1793, 3
1794, 4
1795, 5
1796, 2
1797, 5
1798, 9
1799, 4
1800, 3
1801, 4
1802, 6
1803, 3
1804, 3
1805, 4
1806, 3
1807, 3
1808, 2
1809, 5
1810, 4
1811, 2
1812, 2
1813, 4
1814, 5
1815, 2
1816, 2
1817, 5
1818, 7
1819, 4
1820, 3
1821, 5
1822, 4
1823, 2
1824, 6
1825, 2
1826, 3
1827, 4
1828, 4
1829, 4
1830, 7
1831, 10
1832, 2
1833, 4
1834, 2
1835, 4
1836, 4
1837, 5
1838, 7
1839, 5
1840, 1
1841, 3
1842, 2
1843, 4
1844, 5
1845, 3
1846, 6
1847, 1
1848, 3
1849, 1
1850, 2
1851, 4
1852, 1
1853, 4
1854, 6
1855, 1
1856, 4
1857, 5
1858, 2
1859, 3
1860, 3
1861, 1
1862, 3
1863, 4
1864, 4
1865, 2
1866, 4
1867, 4
1868, 1
1869, 3
1870, 4
1871, 3
1872, 7
1873, 2
1874, 2
1875, 0
1876, 0
1877, 3
1878, 1
1879, 2
1880, 1
1881, 0
1882, 2
1883, 2
1884, 3
1885, 0
1886, 5
1887, 1
1888, 3
1889, 3
1890, 1
1891, 1
1892, 2
1893, 3
1894, 3
1895, 2
1896, 1
1897, 0
1898, 1
1899, 0
1900, 1
1901, 3
1902, 3
1903, 1
1904, 0
1905, 2
1906, 1
1907, 0
1908, 1
1909, 0
1910, 3
1911, 2
1912, 1
1913, 2
1914, 0
1915, 1
1916, 0
1917, 0
1918, 3
1919, 0
1920, 1
1921, 3
1922, 0
1923, 0
1924, 0
1925, 2
1926, 1
1927, 0
1928, 0
1929, 0
1930, 0
1931, 1
1932, 0
1933, 0
1934, 0
1935, 1
1936, 0
1937, 2
1938, 2
1939, 0
1940, 0
1941, 0
1942, 0
1943, 3
1944, 0
1945, 0
1946, 1
1947, 1
1948, 0
1949, 0
1950, 0
1951, 3
1952, 2
1953, 0
1954, 1
1955, 1
1956, 0
1957, 0
1958, 0
1959, 0
1960, 0
1961, 0
1962, 0
1963, 0
1964, 0
1965, 1
1966, 0
1967, 0
1968, 0
1969, 0
1970, 0
1971, 0
1972, 1
1973, 0
1974, 0
1975, 0
1976, 0
1977, 0
1978, 0
1979, 0
1980, 0
1981, 0
1982, 0
1983, 0
1984, 0
1985, 0
1986, 0
1987, 0
1988, 1
1989, 0
1990, 0
1991, 1
1992, 0
1993, 0
1994, 0
1995, 0
1996, 0
1997, 0
1998, 1
1999, 1
2000, 0
2001, 1
2002, 0
2003, 0
2004, 1
2005, 1
2006, 0
2007, 0
2008, 0
2009, 1
2010, 0
2011, 0
2012, 0
2013, 0
2014, 1
2015, 0
2016, 0
2017, 0
2018, 0
2019, 1
2020, 0
2021, 0
2022, 0
2023, 0
2024, 2
2025, 0
2026, 0
2027, 0
2028, 0
2029, 0
2030, 0
2031, 0
2032, 0
2033, 0
2034, 0
2035, 1
2036, 1
2037, 0
2038, 0
2039, 0
2040, 0
2041, 1
2042, 1
2043, 0
2044, 0
2045, 2
2046, 0
2047, 0
2048, 0
2049, 0
2050, 0
2051, 0
2052, 0
2053, 0
2054, 1
2055, 0
2056, 0
2057, 0
2058, 1
2059, 0
2060, 1
2061, 0
2062, 0
2063, 0
2064, 0
2065, 0
2066, 0
2067, 0
2068, 1
2069, 0
2070, 1
2071, 1
2072, 0
2073, 0
2074, 0
2075, 0
2076, 0
2077, 0
2078, 0
2079, 0
2080, 0
2081, 1
2082, 0
2083, 0
2084, 0
2085, 1
2086, 0
2087, 0
2088, 0
2089, 1
2090, 0
2091, 0
2092, 0
2093, 0
2094, 0
2095, 0
2096, 0
2097, 1
2098, 1
2099, 0
2100, 0
2101, 0
2102, 0
2103, 1
2104, 1
2105, 0
2106, 0
2107, 0
2108, 0
2109, 0
2110, 0
2111, 0
2112, 0
2113, 1
2114, 0
2115, 1
2116, 0
2117, 0
2118, 0
2119, 0
2120, 0
2121, 0
2122, 0
2123, 1
2124, 0
2125, 1
2126, 0
2127, 1
2128, 0
2129, 0
2130, 1
2131, 0
2132, 0
2133, 0
2134, 0
2135, 0
2136, 1
2137, 0
2138, 0
2139, 0
2140, 1
2141, 0
2142, 0
2143, 0
2144, 0
2145, 0
2146, 0
2147, 0
2148, 1
2149, 2
2150, 1
2151, 0
2152, 0
2153, 1
2154, 1
2155, 0
2156, 0
2157, 0
2158, 1
2159, 1
2160, 0
2161, 0
2162, 0
2163, 1
2164, 0
2165, 0
2166, 0
2167, 0
2168, 0
2169, 0
2170, 0
2171, 1
2172, 0
2173, 1
2174, 0
2175, 0
2176, 0
2177, 1
2178, 1
2179, 0
2180, 1
2181, 1
2182, 0
2183, 0
2184, 0
2185, 0
2186, 0
2187, 0
2188, 0
2189, 0
2190, 1
2191, 0
2192, 1
2193, 1
2194, 0
2195, 0
2196, 0
2197, 0
2198, 0
2199, 0
2200, 0
2201, 0
2202, 0
2203, 0
2204, 0
2205, 1
2206, 0
2207, 1
2208, 0
2209, 1
2210, 0
2211, 0
2212, 0
2213, 0
2214, 1
2215, 0
2216, 1
2217, 0
2218, 0
2219, 0
2220, 0
2221, 0
2222, 0
2223, 0
2224, 0
2225, 0
2226, 0
2227, 0
2228, 0
2229, 0
2230, 1
2231, 2
2232, 0
2233, 0
2234, 0
2235, 0
2236, 1
2237, 1
2238, 0
2239, 0
2240, 1
2241, 0
2242, 0
2243, 0
2244, 1
2245, 0
2246, 1
2247, 0
2248, 0
2249, 0
2250, 0
2251, 0
2252, 1
2253, 0
2254, 1
2255, 2
2256, 0
2257, 0
2258, 0
2259, 0
2260, 0
2261, 0
2262, 0
2263, 0
2264, 0
2265, 0
2266, 0
2267, 0
2268, 0
2269, 0
2270, 0
2271, 0
2272, 1
2273, 1
2274, 0
2275, 1
2276, 0
2277, 0
2278, 1
2279, 0
2280, 0
2281, 0
2282, 0
2283, 0
2284, 0
2285, 1
2286, 0
2287, 0
2288, 0
2289, 0
2290, 0
2291, 0
2292, 0
2293, 0
2294, 0
2295, 0
2296, 0
2297, 0
2298, 1
2299, 1
2300, 0
2301, 1
2302, 0
2303, 0
2304, 0
2305, 0
2306, 0
2307, 0
2308, 0
2309, 0
2310, 0
2311, 0
2312, 0
2313, 0
2314, 0
2315, 0
2316, 1
2317, 0
2318, 0
2319, 0
2320, 0
2321, 0
2322, 1
2323, 0
2324, 0
2325, 0
2326, 0
2327, 0
2328, 1
2329, 0
2330, 0
2331, 0
2332, 0
2333, 0
2334, 0
2335, 0
2336, 0
2337, 0
2338, 1
2339, 0
2340, 1
2341, 1
2342, 0
2343, 0
2344, 0
2345, 0
2346, 0
2347, 0
2348, 0
2349, 0
2350, 0
2351, 0
2352, 0
2353, 0
2354, 0
2355, 1
2356, 1
2357, 0
2358, 0
2359, 0
2360, 0
2361, 0
2362, 1
2363, 0
2364, 2
2365, 0
2366, 0
2367, 0
2368, 0
2369, 0
2370, 0
2371, 0
2372, 0
2373, 0
2374, 0
2375, 0
2376, 0
2377, 0
2378, 0
2379, 0
2380, 0
2381, 0
2382, 1
2383, 0
2384, 0
2385, 1
2386, 0
2387, 0
2388, 1
2389, 0
2390, 1
2391, 0
2392, 0
2393, 0
2394, 0
2395, 0
2396, 1
2397, 0
2398, 0
2399, 0
2400, 2
2401, 0
2402, 0
2403, 0
2404, 0
2405, 0
2406, 0
2407, 0
2408, 0
2409, 0
2410, 0
2411, 0
2412, 0
2413, 0
2414, 0
2415, 2
2416, 0
2417, 0
2418, 0
2419, 1
2420, 0
2421, 0
2422, 1
2423, 0
2424, 0
2425, 0
2426, 0
2427, 0
2428, 0
2429, 1
2430, 0
2431, 0
2432, 0
2433, 0
2434, 3
2435, 1
2436, 0
2437, 0
2438, 0
2439, 0
2440, 0
2441, 0
2442, 0
2443, 1
2444, 0
2445, 0
2446, 1
2447, 0
2448, 0
2449, 0
2450, 0
2451, 0
2452, 0
2453, 0
2454, 0
2455, 0
2456, 0
2457, 0
2458, 0
2459, 0
2460, 0
2461, 1
2462, 0
2463, 0
2464, 0
2465, 0
2466, 0
2467, 0
2468, 0
2469, 1
2470, 0
2471, 0
2472, 0
2473, 0
2474, 0
2475, 1
2476, 0
2477, 0
2478, 0
2479, 0
2480, 0
2481, 0
2482, 0
2483, 0
2484, 0
2485, 3
2486, 0
2487, 0
2488, 0
2489, 0
2490, 0
2491, 0
2492, 0
2493, 1
2494, 0
2495, 0
2496, 0
2497, 0
2498, 1
2499, 1
2500, 0
2501, 0
2502, 1
2503, 0
2504, 0
2505, 1
2506, 0
2507, 0
2508, 0
2509, 0
2510, 0
2511, 0
2512, 0
2513, 0
2514, 0
2515, 0
2516, 0
2517, 0
2518, 0
2519, 0
2520, 0
2521, 0
2522, 0
2523, 0
2524, 0
2525, 0
2526, 0
2527, 1
2528, 0
2529, 1
2530, 0
2531, 0
2532, 0
2533, 0
2534, 0
2535, 1
2536, 0
2537, 0
2538, 0
2539, 0
2540, 0
2541, 1
2542, 0
2543, 0
2544, 0
2545, 0
2546, 0
2547, 0
2548, 0
2549, 0
2550, 0
2551, 0
2552, 0
2553, 0
2554, 0
2555, 2
2556, 0
2557, 0
2558, 0
2559, 0
2560, 0
2561, 0
2562, 0
2563, 0
2564, 0
2565, 0
2566, 0
2567, 0
2568, 0
2569, 0
2570, 0
2571, 0
2572, 0
2573, 0
2574, 0
2575, 0
2576, 0
2577, 0
2578, 0
2579, 1
2580, 1
2581, 0
2582, 0
2583, 1
2584, 0
2585, 0
2586, 1
2587, 0
2588, 0
2589, 0
2590, 0
2591, 0
2592, 0
2593, 0
2594, 0
2595, 0
2596, 0
2597, 1
2598, 0
2599, 0
2600, 0
2601, 0
2602, 0
2603, 0
2604, 0
2605, 0
2606, 1
2607, 1
2608, 1
2609, 0
2610, 0
2611, 0
2612, 0
2613, 0
2614, 0
2615, 0
2616, 0
2617, 1
2618, 0
2619, 0
2620, 0
2621, 0
2622, 0
2623, 1
2624, 0
2625, 1
2626, 0
2627, 0
2628, 0
2629, 0
2630, 0
2631, 0
2632, 0
2633, 1
2634, 0
2635, 0
2636, 0
2637, 0
2638, 0
2639, 0
2640, 0
2641, 0
2642, 0
2643, 0
2644, 0
2645, 1
2646, 0
2647, 0
2648, 0
2649, 0
2650, 0
2651, 0
2652, 1
2653, 0
2654, 1
2655, 0
2656, 0
2657, 0
2658, 0
2659, 0
2660, 0
2661, 0
2662, 0
2663, 0
2664, 1
2665, 0
2666, 0
2667, 0
2668, 0
2669, 0
2670, 0
2671, 0
2672, 0
2673, 0
2674, 0
2675, 0
2676, 0
2677, 0
2678, 0
2679, 0
2680, 2
2681, 0
2682, 0
2683, 0
2684, 2
2685, 0
2686, 0
2687, 0
2688, 0
2689, 0
2690, 0
2691, 0
2692, 1
2693, 0
2694, 0
2695, 1
2696, 0
2697, 0
2698, 0
2699, 0
2700, 0
2701, 0
2702, 0
2703, 2
2704, 0
2705, 0
2706, 1
2707, 0
2708, 0
2709, 0
2710, 0
2711, 0
2712, 1
2713, 0
2714, 0
2715, 0
2716, 0
2717, 0
2718, 1
2719, 1
2720, 0
2721, 1
2722, 0
2723, 0
2724, 0
2725, 0
2726, 0
2727, 1
2728, 0
2729, 0
2730, 0
2731, 0
2732, 0
2733, 0
2734, 0
2735, 0
2736, 0
2737, 0
2738, 1
2739, 2
2740, 0
2741, 0
2742, 1
2743, 0
2744, 0
2745, 1
2746, 1
2747, 0
2748, 0
2749, 0
2750, 0
2751, 0
2752, 0
2753, 0
2754, 0
2755, 0
2756, 0
2757, 0
2758, 0
2759, 0
2760, 0
2761, 0
2762, 0
2763, 1
2764, 0
2765, 1
2766, 0
2767, 0
2768, 0
2769, 0
2770, 0
2771, 0
2772, 0
2773, 1
2774, 0
2775, 0
2776, 0
2777, 0
2778, 0
2779, 1
2780, 1
2781, 1
2782, 0
2783, 0
2784, 0
2785, 0
2786, 0
2787, 0
2788, 0
2789, 0
2790, 0
2791, 0
2792, 0
2793, 0
2794, 1
2795, 0
2796, 1
2797, 0
2798, 0
2799, 0
2800, 0
2801, 0
2802, 0
2803, 0
2804, 0
2805, 2
2806, 0
2807, 0
2808, 0
2809, 0
2810, 0
2811, 0
2812, 0
2813, 0
2814, 0
2815, 0
2816, 0
2817, 0
2818, 0
2819, 0
2820, 0
2821, 0
2822, 0
2823, 0
2824, 0
2825, 1
2826, 0
2827, 1
2828, 0
2829, 0
2830, 0
2831, 1
2832, 0
2833, 0
2834, 0
2835, 0
2836, 0
2837, 0
2838, 1
2839, 0
2840, 0
2841, 0
2842, 0
2843, 1
2844, 0
2845, 0
2846, 1
2847, 0
2848, 0
2849, 0
2850, 0
2851, 0
2852, 0
2853, 0
2854, 1
2855, 0
2856, 0
2857, 0
2858, 0
2859, 0
2860, 0
2861, 0
2862, 0
2863, 0
2864, 1
2865, 0
2866, 0
2867, 0
2868, 0
2869, 1
2870, 0
2871, 0
2872, 0
2873, 0
2874, 1
2875, 1
2876, 0
2877, 0
2878, 0
2879, 1
2880, 0
2881, 1
2882, 0
2883, 0
2884, 0
2885, 0
2886, 0
2887, 0
2888, 0
2889, 0
2890, 0
2891, 0
2892, 0
2893, 0
2894, 0
2895, 0
2896, 0
2897, 0
2898, 1
2899, 0
2900, 0
2901, 0
2902, 0
2903, 0
2904, 1
2905, 1
2906, 0
2907, 0
2908, 0
2909, 0
2910, 0
2911, 0
2912, 0
2913, 1
2914, 0
2915, 0
2916, 0
2917, 0
2918, 0
2919, 0
2920, 0
2921, 1
2922, 0
2923, 0
2924, 1
2925, 0
2926, 0
2927, 0
2928, 1
2929, 0
2930, 0
2931, 0
2932, 0
2933, 0
2934, 0
2935, 0
2936, 0
2937, 0
2938, 0
2939, 0
2940, 0
2941, 0
2942, 0
2943, 0
2944, 1
2945, 0
2946, 1
2947, 0
2948, 0
2949, 2
2950, 0
2951, 0
2952, 0
2953, 0
2954, 0
2955, 0
2956, 0
2957, 0
2958, 0
2959, 0
2960, 0
2961, 0
2962, 0
2963, 0
2964, 0
2965, 0
2966, 0
2967, 0
2968, 0
2969, 0
2970, 0
2971, 1
2972, 0
2973, 0
2974, 0
2975, 0
2976, 1
2977, 0
2978, 0
2979, 0
2980, 0
2981, 0
2982, 0
2983, 0
2984, 1
2985, 0
2986, 0
2987, 0
2988, 0
2989, 1
2990, 0
2991, 0
2992, 0
2993, 2
2994, 0
2995, 0
2996, 0
2997, 0
2998, 0
2999, 0
3000, 0
3001, 0
3002, 0
3003, 0
3004, 0
3005, 0
3006, 0
3007, 1
3008, 0
3009, 0
3010, 0
3011, 0
3012, 0
3013, 0
3014, 1
3015, 0
3016, 0
3017, 0
3018, 0
3019, 0
3020, 0
3021, 0
3022, 0
3023, 0
3024, 0
3025, 0
3026, 0
3027, 0
3028, 1
3029, 0
3030, 0
3031, 0
3032, 0
3033, 1
3034, 0
3035, 0
3036, 0
3037, 0
3038, 0
3039, 0
3040, 0
3041, 0
3042, 0
3043, 0
3044, 0
3045, 0
3046, 0
3047, 0
3048, 0
3049, 0
3050, 0
3051, 0
3052, 0
3053, 0
3054, 1
3055, 0
3056, 0
3057, 0
3058, 0
3059, 0
3060, 0
3061, 0
3062, 0
3063, 0
3064, 1
3065, 1
3066, 1
3067, 0
3068, 1
3069, 0
3070, 0
3071, 2
3072, 0
3073, 0
3074, 0
3075, 1
3076, 0
3077, 0
3078, 0
3079, 0
3080, 0
3081, 0
3082, 0
3083, 0
3084, 0
3085, 1
3086, 0
3087, 0
3088, 0
3089, 0
3090, 0
3091, 0
3092, 0
3093, 0
3094, 0
3095, 0
3096, 0
3097, 0
3098, 0
3099, 0
3100, 0
3101, 0
3102, 0
3103, 0
3104, 0
3105, 0
3106, 0
3107, 2
3108, 0
3109, 2
3110, 0
3111, 0
3112, 0
3113, 0
3114, 0
3115, 0
3116, 0
3117, 0
3118, 0
3119, 0
3120, 0
3121, 0
3122, 0
3123, 0
3124, 0
3125, 0
3126, 0
3127, 0
3128, 0
3129, 0
3130, 0
3131, 0
3132, 0
3133, 0
3134, 0
3135, 0
3136, 0
3137, 0
3138, 0
3139, 0
3140, 0
3141, 0
3142, 0
3143, 0
3144, 0
3145, 0
3146, 0
3147, 0
3148, 0
3149, 0
3150, 0
3151, 0
3152, 0
3153, 0
3154, 0
3155, 0
3156, 0
3157, 0
3158, 0
3159, 0
3160, 0
3161, 0
3162, 0
3163, 0
3164, 0
3165, 1
3166, 0
3167, 0
3168, 0
3169, 0
3170, 0
3171, 0
3172, 0
3173, 0
3174, 1
3175, 0
3176, 0
3177, 0
3178, 0
3179, 0
3180, 0
3181, 0
3182, 0
3183, 0
3184, 0
3185, 0
3186, 0
3187, 0
3188, 1
3189, 0
3190, 0
3191, 0
3192, 0
3193, 0
3194, 0
3195, 0
3196, 1
3197, 0
3198, 0
3199, 0
3200, 0
3201, 0
3202, 0
3203, 0
3204, 0
3205, 1
3206, 0
3207, 0
3208, 0
3209, 0
3210, 0
3211, 0
3212, 0
3213, 1
3214, 0
3215, 0
3216, 0
3217, 0
3218, 0
3219, 0
3220, 1
3221, 0
3222, 0
3223, 0
3224, 0
3225, 0
3226, 1
3227, 0
3228, 0
3229, 0
3230, 0
3231, 0
3232, 0
3233, 0
3234, 0
3235, 0
3236, 0
3237, 0
3238, 0
3239, 0
3240, 0
3241, 0
3242, 0
3243, 2
3244, 0
3245, 0
3246, 0
3247, 0
3248, 0
3249, 0
3250, 0
3251, 0
3252, 0
3253, 0
3254, 0
3255, 0
3256, 1
3257, 0
3258, 1
3259, 0
3260, 0
3261, 2
3262, 0
3263, 0
3264, 0
3265, 0
3266, 0
3267, 0
3268, 0
3269, 1
3270, 0
3271, 0
3272, 0
3273, 0
3274, 0
3275, 0
3276, 0
3277, 0
3278, 1
3279, 0
3280, 0
3281, 0
3282, 0
3283, 0
3284, 0
3285, 0
3286, 0
3287, 1
3288, 0
3289, 0
3290, 0
3291, 0
3292, 2
3293, 0
3294, 0
3295, 1
3296, 2
3297, 0
3298, 0
3299, 0
3300, 1
3301, 0
3302, 0
3303, 0
3304, 1
3305, 0
3306, 0
3307, 0
3308, 1
3309, 0
3310, 0
3311, 0
3312, 0
3313, 0
3314, 1
3315, 0
3316, 0
3317, 0
3318, 0
3319, 0
3320, 1
3321, 0
3322, 0
3323, 0
3324, 0
3325, 0
3326, 0
3327, 0
3328, 0
3329, 0
3330, 0
3331, 0
3332, 0
3333, 0
3334, 0
3335, 0
3336, 0
3337, 0
3338, 0
3339, 1
3340, 0
3341, 0
3342, 2
3343, 0
3344, 0
3345, 0
3346, 1
3347, 0
3348, 0
3349, 0
3350, 0
3351, 0
3352, 0
3353, 1
3354, 0
3355, 0
3356, 0
3357, 1
3358, 1
3359, 0
3360, 0
3361, 0
3362, 0
3363, 0
3364, 0
3365, 0
3366, 0
3367, 0
3368, 0
3369, 2
3370, 1
3371, 0
3372, 0
3373, 1
3374, 0
3375, 0
3376, 0
3377, 0
3378, 0
3379, 0
3380, 0
3381, 0
3382, 0
3383, 0
3384, 0
3385, 0
3386, 0
3387, 0
3388, 0
3389, 0
3390, 0
3391, 0
3392, 1
3393, 0
3394, 0
3395, 0
3396, 0
3397, 0
3398, 0
3399, 0
3400, 0
3401, 0
3402, 0
3403, 0
3404, 1
3405, 0
3406, 0
3407, 0
3408, 0
3409, 0
3410, 0
3411, 0
3412, 0
3413, 0
3414, 0
3415, 1
3416, 0
3417, 1
3418, 0
3419, 1
3420, 0
3421, 0
3422, 0
3423, 0
3424, 1
3425, 0
3426, 0
3427, 0
3428, 0
3429, 1
3430, 0
3431, 1
3432, 0
3433, 0
3434, 0
3435, 0
3436, 0
3437, 0
3438, 0
3439, 0
3440, 0
3441, 0
3442, 0
3443, 0
3444, 0
3445, 0
3446, 0
3447, 1
3448, 0
3449, 0
3450, 0
3451, 0
3452, 0
3453, 0
3454, 0
3455, 0
3456, 0
3457, 0
3458, 0
3459, 0
3460, 0
3461, 0
3462, 0
3463, 0
3464, 0
3465, 0
3466, 0
3467, 0
3468, 0
3469, 0
3470, 0
3471, 0
3472, 0
3473, 0
3474, 0
3475, 0
3476, 0
3477, 0
3478, 0
3479, 0
3480, 0
3481, 0
3482, 1
3483, 1
3484, 0
3485, 0
3486, 0
3487, 0
3488, 0
3489, 0
3490, 1
3491, 1
3492, 0
3493, 0
3494, 0
3495, 0
3496, 0
3497, 0
3498, 0
3499, 0
3500, 0
3501, 1
3502, 0
3503, 0
3504, 0
3505, 0
3506, 0
3507, 0
3508, 0
3509, 0
3510, 0
3511, 0
3512, 0
3513, 1
3514, 0
3515, 0
3516, 0
3517, 0
3518, 1
3519, 0
3520, 0
3521, 0
3522, 1
3523, 0
3524, 0
3525, 0
3526, 0
3527, 0
3528, 0
3529, 0
3530, 0
3531, 0
3532, 0
3533, 0
3534, 0
3535, 0
3536, 0
3537, 0
3538, 0
3539, 0
3540, 0
3541, 0
3542, 1
3543, 0
3544, 0
3545, 0
3546, 0
3547, 0
3548, 0
3549, 0
3550, 0
3551, 0
3552, 0
3553, 0
3554, 1
3555, 0
3556, 0
3557, 0
3558, 0
3559, 0
3560, 0
3561, 0
3562, 0
3563, 0
3564, 0
3565, 0
3566, 0
3567, 0
3568, 0
3569, 0
3570, 0
3571, 1
3572, 0
3573, 0
3574, 0
3575, 0
3576, 0
3577, 0
3578, 0
3579, 0
3580, 1
3581, 0
3582, 0
3583, 0
3584, 0
3585, 0
3586, 0
3587, 0
3588, 0
3589, 0
3590, 0
3591, 0
3592, 0
3593, 0
3594, 0
3595, 0
3596, 1
3597, 0
3598, 0
3599, 0
3600, 0
3601, 0
3602, 1
3603, 0
3604, 0
3605, 0
3606, 0
3607, 1
3608, 0
3609, 1
3610, 1
3611, 0
3612, 0
3613, 0
3614, 0
3615, 0
3616, 0
3617, 0
3618, 1
3619, 0
3620, 0
3621, 0
3622, 0
3623, 0
3624, 0
3625, 0
3626, 0
3627, 0
3628, 0
3629, 0
3630, 0
3631, 1
3632, 0
3633, 1
3634, 0
3635, 0
3636, 0
3637, 0
3638, 0
3639, 0
3640, 0
3641, 0
3642, 0
3643, 0
3644, 0
3645, 0
3646, 0
3647, 0
3648, 0
3649, 1
3650, 0
3651, 0
3652, 0
3653, 0
3654, 0
3655, 0
3656, 0
3657, 0
3658, 0
3659, 0
3660, 0
3661, 0
3662, 1
3663, 0
3664, 0
3665, 0
3666, 0
3667, 0
3668, 0
3669, 0
3670, 0
3671, 0
3672, 0
3673, 0
3674, 1
3675, 0
3676, 0
3677, 0
3678, 0
3679, 0
3680, 0
3681, 0
3682, 0
3683, 1
3684, 0
3685, 0
3686, 0
3687, 0
3688, 1
3689, 0
3690, 0
3691, 0
3692, 0
3693, 1
3694, 0
3695, 0
3696, 0
3697, 0
3698, 0
3699, 0
3700, 0
3701, 0
3702, 0
3703, 0
3704, 0
3705, 0
3706, 0
3707, 1
3708, 0
3709, 1
3710, 0
3711, 0
3712, 0
3713, 0
3714, 0
3715, 0
3716, 1
3717, 1
3718, 0
3719, 0
3720, 0
3721, 0
3722, 0
3723, 0
3724, 0
3725, 0
3726, 0
3727, 0
3728, 0
3729, 0
3730, 1
3731, 0
3732, 1
3733, 0
3734, 0
3735, 1
3736, 0
3737, 0
3738, 0
3739, 0
3740, 0
3741, 0
3742, 0
3743, 0
3744, 0
3745, 0
3746, 1
3747, 1
3748, 0
3749, 0
3750, 0
3751, 0
3752, 0
3753, 0
3754, 0
3755, 0
3756, 0
3757, 0
3758, 0
3759, 1
3760, 0
3761, 0
3762, 1
3763, 0
3764, 0
3765, 0
3766, 0
3767, 0
3768, 0
3769, 0
3770, 1
3771, 0
3772, 0
3773, 0
3774, 0
3775, 0
3776, 0
3777, 0
3778, 0
3779, 0
3780, 1
3781, 0
3782, 0
3783, 0
3784, 1
3785, 0
3786, 0
3787, 0
3788, 0
3789, 0
3790, 0
3791, 0
3792, 0
3793, 0
3794, 0
3795, 0
3796, 1
3797, 0
3798, 0
3799, 0
3800, 0
3801, 0
3802, 0
3803, 0
3804, 0
3805, 1
3806, 0
3807, 0
3808, 1
3809, 0
3810, 0
3811, 0
3812, 0
3813, 0
3814, 0
3815, 0
3816, 0
3817, 0
3818, 0
3819, 0
3820, 0
3821, 0
3822, 0
3823, 0
3824, 0
3825, 0
3826, 0
3827, 1
3828, 0
3829, 0
3830, 0
3831, 0
3832, 0
3833, 0
3834, 0
3835, 1
3836, 0
3837, 0
3838, 0
3839, 0
3840, 0
3841, 0
3842, 0
3843, 1
3844, 0
3845, 0
3846, 0
3847, 0
3848, 0
3849, 0
3850, 0
3851, 0
3852, 0
3853, 0
3854, 0
3855, 0
3856, 0
3857, 0
3858, 0
3859, 0
3860, 0
3861, 1
3862, 0
3863, 0
3864, 0
3865, 0
3866, 1
3867, 0
3868, 0
3869, 0
3870, 0
3871, 0
3872, 0
3873, 1
3874, 0
3875, 0
3876, 0
3877, 0
3878, 1
3879, 0
3880, 0
3881, 0
3882, 0
3883, 1
3884, 0
3885, 0
3886, 0
3887, 0
3888, 1
3889, 0
3890, 0
3891, 1
3892, 0
3893, 0
3894, 1
3895, 0
3896, 0
3897, 0
3898, 0
3899, 1
3900, 0
3901, 0
3902, 0
3903, 0
3904, 0
3905, 0
3906, 0
3907, 1
3908, 0
3909, 0
3910, 0
3911, 0
3912, 0
3913, 0
3914, 1
3915, 0
3916, 0
3917, 0
3918, 0
3919, 0
3920, 0
3921, 0
3922, 0
3923, 0
3924, 0
3925, 0
3926, 0
3927, 0
3928, 0
3929, 0
3930, 0
3931, 0
3932, 0
3933, 0
3934, 0
3935, 0
3936, 1
3937, 0
3938, 0
3939, 0
3940, 0
3941, 0
3942, 0
3943, 0
3944, 0
3945, 0
3946, 0
3947, 0
3948, 0
3949, 0
3950, 0
3951, 0
3952, 0
3953, 0
3954, 0
3955, 0
3956, 0
3957, 0
3958, 0
3959, 0
3960, 0
3961, 0
3962, 0
3963, 0
3964, 0
3965, 0
3966, 0
3967, 0
3968, 0
3969, 0
3970, 0
3971, 0
3972, 0
3973, 0
3974, 0
3975, 0
3976, 0
3977, 0
3978, 1
3979, 0
3980, 0
3981, 0
3982, 0
3983, 0
3984, 0
3985, 0
3986, 0
3987, 0
3988, 1
3989, 1
3990, 1
3991, 0
3992, 0
3993, 0
3994, 0
3995, 0
3996, 0
3997, 0
3998, 0
3999, 0
4000, 0
4001, 0
4002, 0
4003, 0
4004, 0
4005, 0
4006, 0
4007, 0
4008, 0
4009, 0
4010, 0
4011, 0
4012, 0
4013, 0
4014, 0
4015, 0
4016, 0
4017, 0
4018, 0
4019, 0
4020, 0
4021, 0
4022, 0
4023, 0
4024, 0
4025, 0
4026, 0
4027, 0
4028, 0
4029, 0
4030, 1
4031, 0
4032, 0
4033, 0
4034, 0
4035, 0
4036, 0
4037, 0
4038, 0
4039, 0
4040, 0
4041, 0
4042, 0
4043, 0
4044, 0
4045, 0
4046, 0
4047, 0
4048, 1
4049, 0
4050, 0
4051, 1
4052, 0
4053, 0
4054, 0
4055, 0
4056, 0
4057, 0
4058, 1
4059, 0
4060, 0
4061, 0
4062, 0
4063, 0
4064, 0
4065, 0
4066, 0
4067, 0
4068, 0
4069, 0
4070, 0
4071, 0
4072, 0
4073, 0
4074, 0
4075, 0
4076, 0
4077, 1
4078, 1
4079, 1
4080, 0
4081, 0
4082, 0
4083, 0
4084, 0
4085, 0
4086, 0
4087, 0
4088, 0
4089, 0
4090, 1
4091, 0
4092, 0
4093, 0
4094, 537
4095, 0
